{
	"class_name" : "PinholeCameraParameters",
	"extrinsic" : 
	[
		-0.087561658784604271,
		-0.40869778440463828,
		0.90845972774450967,
		0.0,
		-0.9961450302246535,
		0.0310764735034651,
		-0.08203250302967012,
		0.0,
		0.0052947775791755795,
		-0.9121405449914658,
		-0.40984337436764651,
		0.0,
		0.8587932368962774,
		6.9586774222134,
		27.099847255458428,
		1.0
	],
	"intrinsic" : 
	{
		"height" : 1016,
		"intrinsic_matrix" : 
		[
			879.88181024498977,
			0.0,
			0.0,
			0.0,
			879.88181024498977,
			0.0,
			931.5,
			507.5,
			1.0
		],
		"width" : 1864
	},
	"version_major" : 1,
	"version_minor" : 0
}